names,median,mean,lower95_CrI,upper95_CrI,ess,Rhat point estimate,Rhat upper CI
boost_short,2.10310832717459,2.1147390740419376,1.92238823460428,2.3390622778388823,17.925477238583735,1.2939306239895103,1.7525283995284022
antigenic_seniority,0.404932907837979,0.414405413956465,0.33501373165486625,0.5111866745433872,22.095236132712603,1.817682531515624,2.754824939149119
wane_short,0.121033024688888,0.10491971185702437,1.64035862949729e-4,0.22060711043300668,8.096622911762346,3.644637799939367,9.06099903272032
cr_short,0.0297603661249822,0.034102935961628396,0.00122470587859491,0.0805717146937529,9.648501600064156,3.5588765293466107,5.8775779141651325
obs_sd,0.799876027475038,0.8015419397014796,0.768151391827384,0.8391241946161999,71.09526461864255,1.1498633959230327,1.38379998919183
total_infections,575,572.2706467661692,525,615,37.42303931323381,1.7400759502685617,2.5589599670435983
