names,median,mean,lower95_CrI,upper95_CrI,ess,Rhat point estimate,Rhat upper CI
boost_long,4.39212836160983,4.391946387020033,4.162235439793772,4.615114486177518,998.8311338027103,1.004456887974514,1.0136683733262313
boost_short,2.60482270052898,2.6079265783640597,2.306720800249275,2.9397415385609698,724.827674948283,1.0038602832859942,1.0119693905989522
antigenic_seniority,0.329054894784158,0.3295478406869528,0.2803294959002009,0.381345104428865,620.5856367502425,1.0087763999879318,1.0252507332930816
wane_short,0.50145900706719,0.5031329165552434,0.4409459182241772,0.5704477587776846,1875.1247003049125,1.0017948858136407,1.005621480986665
cr_long,0.0778524647725453,0.07785547682779727,0.07060119077520059,0.0853902627122235,1402.4098586483926,1.0021779956124113,1.0061968801840517
obs_sd,1.19396349515946,1.1942766066243342,1.142981794936985,1.246490138487264,3083.8052767323866,1.0008050818132705,1.0034658177673783
total_infections,571,571.1302697302697,545,598,811.8475534519491,1.0089474858804557,1.022289325893897
