names,median,mean,lower95_CrI,upper95_CrI,ess,Rhat point estimate,Rhat upper CI
boost_short,2.20864494063015,2.1979224599058016,2.03763978455045,2.33305342585581,19.71658999669097,2.016593810696484,3.079225929566141
antigenic_seniority,0.550700699149557,0.4848287197693598,0.139521414507996,0.648712780288664,3.34894973892448,6.186585018862625,10.732344765569572
wane_short,0.00516396399081174,0.07315758584981184,1.24152836893094e-4,0.3426462532017474,2.860853206807761,47.15907484232147,99.66308919703454
cr_short,0.0463914959747193,0.037526886995562794,1.05851940192471e-4,0.0558000666235382,3.2717660512901974,11.179473412546942,19.52004703090198
obs_sd,0.812120189571588,0.814014612397674,0.783060763929731,0.8514650435644174,59.228674907393554,1.2748262090248235,1.633569779984666
total_infections,481,528.4049751243781,444.09999999999997,790.9,5.085737220343638,7.050560231757483,13.636075482244303
