x_coord,y_coord,inf_times
4.8,0,1987
4.7,0.1,1988
4.6,0.2,1989
4.5,0.25,1990
4.4,0.3,1991
4.3,0.4,1992
4.2,0.4,1993
4,0.4,1994
3.9,0.4,1995
3.8,0.35,1996
3.7,0.3,1997
3.7,-0.2,1998
3.5,-0.5,1999
3.3,-0.866236731,2000
3.3,-1.3,2001
2.8,-1.5,2002
0.5,-1,2003
-0.5,-0.5,2004
-2,0.5,2005
-3.2,0.6,2006
-3.5,-0.5,2007
-3.5,-1,2008
-3.5,-1.5,2009
-3.5,-1.9,2010
-3.601344013,-2,2011
-4.0134309,-2.081645677,2012