names,median,mean,lower95_CrI,upper95_CrI,ess,Rhat point estimate,Rhat upper CI
boost_long,1.25971891785326,1.2481988871902068,0.626325008753844,1.7874555540827208,85.81872693620178,1.2413576172799152,1.5723090216892266
boost_short,1.90847505183286,1.9143946508256386,1.21320432676857,2.7121090272308344,56.63324746913186,1.3162360542564482,1.79948596288788
antigenic_seniority,0.0755114994420798,0.086134339899059,0.0033582856297878997,0.23861079496842041,289.6237182467224,1.0019009993518657,1.0043100008139738
wane_short,0.158866890813849,0.16040586850408883,0.0974600742844297,0.24502905884366125,52.06076682842999,1.1635542232848253,1.4020553709293346
cr_long,0.34065781607261,0.36980918814640984,0.230114037777833,0.643266924835848,58.26112811620067,1.170190613063166,1.4371112573782527
cr_short,0.154722798348841,0.15406459257496405,0.026639300337354014,0.2751946730280662,118.85763183863578,1.1044877100391532,1.2644499050641622
obs_sd,0.99700280845653,0.9975875446317702,0.9387008102267702,1.062728158472538,854.3776804344243,1.0170028825858866,1.0465359070192366
total_infections,131,132.4983016983017,104.10000000000001,168,84.87456821840314,1.0635850762175083,1.1642471076070384
