names,median,mean,lower95_CrI,upper95_CrI,ess,Rhat point estimate,Rhat upper CI
boost_long,1.793784328685635,1.798804286719438,1.4695575114432544,2.169566369873814,550.9489305982958,1.0163541517184018,1.048519326340731
boost_short,4.08002348786692,4.066505503432938,3.5556456652710255,4.477695733315733,476.42323575954725,1.0101755393886755,1.0281816944922215
antigenic_seniority,0.0588634107084072,0.05938959936735145,0.010982888841641935,0.10920126425707755,908.0492117000156,1.0012794018685602,1.0052279746419355
wane_short,0.5699716452394106,0.5774243133108162,0.4931082895488602,0.7205613902609488,532.4662909064798,1.0271276416477384,1.0604012958845577
cr_long,0.4517645189619095,0.45718060077956485,0.27549323065462794,0.6647646243428047,515.0825092014795,1.0042463076038726,1.0175476756210677
cr_short,0.00578495158584179,0.007500562020719588,3.142200737632988e-4,0.022914786301259975,999.9999999999999,1.009324028228842,1.0245674412097432
obs_sd,1.1264102939235001,1.1260350413415343,1.0747114461341956,1.1783417066110924,1000.0000000000001,1.0095459540988376,1.023435434015861
total_infections,651,651.482,620,683,909.1715890403028,1.0001384727808598,1.005855133063984
