names,median,mean,lower95_CrI,upper95_CrI,ess,Rhat point estimate,Rhat upper CI
boost_long,1.87363582924119,1.8837090231954086,1.5807600865142588,2.228151234031398,759.616902955167,1.0258387508421252,1.0731449343587853
boost_short,3.99383857923395,3.9738379675804985,3.5467716458679,4.340864136100423,484.10298994615675,1.0219620626716939,1.0657529211632841
antigenic_seniority,0.0495186587010908,0.05210132064553035,0.005778306559164335,0.1056432298071978,713.4474425005401,1.07454447598629,1.1933020257017275
wane_short,0.58621167285264,0.59450078425594155,0.49659765756266017,0.7424025512508302,732.6544838676182,1.018129188323924,1.0496968549904016
cr_long,0.419889038047457,0.427128483896592,0.28138265424357184,0.6134291948316573,781.7828392059566,1.0348335428608304,1.0969811214959002
cr_short,0.003704605298251,0.005230245298412001,1.7036855577822241e-4,0.01929941987824215,1005,1.003706420280842,1.015033467252671
obs_sd,1.11899035258736,1.118743061694413,1.0720754991141481,1.1674267858236438,1005,1.0021736786663533,1.0103638188119357
total_infections,653,653.6467661691543,622.1,685,1156.3659658735178,0.9986361320609412,1.0029928650382225
