names,median,mean,lower95_CrI,upper95_CrI,ess,Rhat point estimate,Rhat upper CI
boost_long,1.86332519679021,1.8674954789200722,1.5701937356277709,2.202802021776457,512.5389911912207,1.0034324100544654,1.012017286790021
boost_short,3.99206986785754,3.9839679798896275,3.569222288710897,4.371071630352022,504.4229539170604,1.0042847401455925,1.0183576881887217
antigenic_seniority,0.0490634761946381,0.049416844082989304,0.004675863667809369,0.10229866275273888,881.6232342905814,0.9997847983198199,1.0078196718017054
wane_short,0.582630538590897,0.5900386226569009,0.49408072197945313,0.7243768768374579,526.373202639594,1.0054591825744161,1.0213913918943491
cr_long,0.425242373625233,0.4332552871750716,0.28107281583521787,0.6339664820343319,469.75145855025215,1.0073103218485182,1.0285689190544847
cr_short,0.00416689049237873,0.005446743300116352,1.436890049326957e-4,0.017246462482691086,1005,1.0017999352839075,1.0086056300986623
obs_sd,1.11757360711442,1.1184430980813962,1.069250120850175,1.168059436893613,1004.9999999999993,1.0038488549665359,1.0093668200305559
total_infections,655,654.8348258706468,622.1,688.9,1004.9999999999994,1.0024136447477823,1.0152350966802186
