names,median,mean,lower95_CrI,upper95_CrI,ess,Rhat point estimate,Rhat upper CI
boost_long,2.30371672345121,2.3016795552564306,2.191216348022169,2.4065655175242595,2497.891132838883,1.0015664907229807,1.005622665590842
boost_short,0.386972414623461,0.3943694861661813,0.212289789352993,0.6142548464057603,2462.2078649026616,1.002101983507976,1.006734932662978
antigenic_seniority,0.65450438841054,0.6547266963278011,0.590007372180049,0.7204475807607592,2898.491933058161,1.0010620615085826,1.0043829084928992
wane_short,0.578602499169091,0.5776905803304191,0.3734539623521532,0.7652392059101847,4552.395876266494,0.9998725266104741,1.0011438354511597
cr_long,0.0311180056983648,0.031137161875482662,0.02346346760198366,0.038598019419350295,3674.8509089993636,1.0013956757855491,1.0054155030896723
cr_short,0.476929124183583,0.47807440630006753,0.2634402070200486,0.6933084971460288,5004.999999999999,0.999914393084549,1.0005456408144888
obs_sd,0.878362628743627,0.8787642597201033,0.8447742899605355,0.916773033232565,4334.4968450764,1.000972199858403,1.0040805044219505
total_infections,508,507.83876123876126,479,538,2484.6585694166315,1.000234778357048,1.0017006040847827
