names,median,mean,lower95_CrI,upper95_CrI,ess,Rhat point estimate,Rhat upper CI
boost_long,1.52365587880008,1.5200659774796066,1.01512802499381,2.0142471947903577,47.42447411707609,1.5032283469595453,2.243296341276846
boost_short,2.06479348383506,2.096093195280872,1.4860179781886,2.80774742719186,23.178560304871777,1.4676049361184222,2.058445906307432
antigenic_seniority,0.124670897073857,0.12848389309107733,0.010105128195934,0.265265728456573,90.27884023292714,1.1565413857233666,1.3964222295430306
wane_short,0.200289003943671,0.20373146938400694,0.129570590230328,0.2897592083566217,37.21532811340537,1.2462546597904438,1.5785661926239092
cr_long,0.369811621487022,0.4016658979981916,0.293792090136999,0.707423978856997,20.686253517448858,1.421162980229726,2.0917659640347006
cr_short,0.0998801543646298,0.09670756562906631,0.008952056982713662,0.179204930010186,57.09740123443009,1.2687943026947888,1.6553722440239174
obs_sd,1.0394962765986,1.0407438784968435,0.9707038720557815,1.11490849833456,379.24914857703504,1.0210850400528344,1.057626734714497
total_infections,165,166.82637362637362,140,202,121.49227027148065,1.178595398166524,1.4422657319706758
