names,median,mean,lower95_CrI,upper95_CrI,ess,Rhat point estimate,Rhat upper CI
boost_long,1.47689542648003,1.478110410646232,1.247621325356123,1.7044477249712289,875.8518355358824,0.9989749777920119,1.0052659598291795
boost_short,4.58331046270368,4.580350040219147,4.3024472237247275,4.833860693499731,621.0722963114147,1.0109759259208493,1.0319635056607297
antigenic_seniority,0.0599978383685396,0.060574044423139475,0.009788350270708894,0.1124162081150346,567.7190928791839,1.0002902134694323,1.0043699862095816
wane_short,0.504841046789365,0.5055888123853668,0.45065297230916473,0.567931293766823,495.8446680769368,1.0330883500727326,1.0956381576886771
cr_long,1.7212906188385,1.6843571477468564,1.171726025896013,1.9830923118339319,215.75426570254936,1.0554113400649103,1.1343045466338015
cr_short,0.0152980445826147,0.014931167427200994,0.0036536092880824064,0.02475744566467751,661.7945670598992,1.0180315949802183,1.0522840153039623
obs_sd,1.1217238835508,1.1225360535000126,1.074836448701645,1.171861691882628,1005.0000000000002,1.0133944791946716,1.042634368768366
total_infections,644,644.1641791044776,615.0999999999999,677,882.7261816728579,1.0021116401816113,1.0125312180539323
