age,med,lower,upper,N
0,0.16666666666666666,0.12280701754385964,0.23684210526315788,114
1,0.22815533980582525,0.1796116504854369,0.27184466019417475,206
2,0.25691699604743085,0.20938735177865617,0.308300395256917,253
3,0.25,0.1953125,0.30859375,256
4,0.301255230125523,0.23430962343096234,0.3682008368200837,239
5,0.24083769633507854,0.18324607329842932,0.29842931937172773,191
6,0.21774193548387097,0.1693548387096774,0.2661290322580645,124
7,0.35294117647058826,0.23529411764705882,0.4411764705882353,34
