names,median,mean,lower95_CrI,upper95_CrI,ess,Rhat point estimate,Rhat upper CI
boost_short,2.05659394373321,2.07509265179538,1.92694885015718,2.28028777324192,20.552178573702328,1.1501816993498504,1.3841076897290499
antigenic_seniority,0.574651197720966,0.562252546476031,0.3127625022836136,0.6623366630346694,33.904844338823665,1.0166640140920857,1.0526882802214113
wane_short,0.0112315969011601,0.032511197457101286,3.21568333049872e-4,0.191806277685428,13.335772994810155,1.278876685882242,1.919076320548411
cr_short,0.0312052215126903,0.028957514658735826,0.0037323605098868074,0.0460839441712632,19.168139814049912,1.0785828741714696,1.1624255097036018
obs_sd,0.826183751073252,0.8273347411966399,0.798189841179398,0.858085716562435,108.55005514575313,1.0169877165665144,1.0507163629997152
total_infections,486,487.8388059701493,450,542,44.521236188634184,1.042831907339945,1.1122883773444745
