names,median,mean,lower95_CrI,upper95_CrI,ess,Rhat point estimate,Rhat upper CI
boost_long,1.48929031701553,1.4933369455179486,1.279495557393561,1.73455734638052,1004.9999999999997,1.0025707454126758,1.0125567234845974
boost_short,4.50597285521742,4.4988984012656585,4.214322191913659,4.777644731778047,899.9542784980507,1.0004262723326223,1.0067437220801572
antigenic_seniority,0.0422715214364272,0.043801677820628285,0.00405311809899283,0.09435418665102357,1005,0.9984542986864172,1.001932066814432
wane_short,0.510207759531588,0.5105402285437889,0.44354620497567193,0.5698020721393081,832.3160117046975,0.9999272866652086,1.0058483865820997
cr_long,1.55869086445802,1.5438609552757963,1.030447290171282,1.966536804774554,1005.0000000000002,1.0025084199730514,1.0140538751109354
cr_short,0.0125700424943996,0.012342362255299541,9.450727700521604e-4,0.023264313264781063,845.0647346379411,1.0031060377667318,1.0163762255925843
obs_sd,1.11714468194803,1.1176188073456492,1.0728729708161788,1.1686771243644791,1005,0.9972223408964518,0.9997170016891059
total_infections,646,646.2945273631841,615,680,1005.0000000000001,1.0003800624973855,1.0079942963150808
