names,median,mean,lower95_CrI,upper95_CrI,ess,Rhat point estimate,Rhat upper CI
boost_long,1.4838833804500449,1.486152183807874,1.2567267952157126,1.7136707493449728,877.4067688699718,1.0004200295908952,1.008021642000349
boost_short,4.57726206195447,4.576894158953207,4.286734499490235,4.8356893294206635,727.799639978293,1.0056930534801924,1.0208159176239704
antigenic_seniority,0.06162270519621425,0.062016253842149614,0.008557282001384076,0.11511770490302149,731.092435528243,0.9997755560889549,1.0074439504528565
wane_short,0.503967747058959,0.5061157243816942,0.4523700107597121,0.5697051931014381,850.1820831273814,0.9983816322918211,1.0041485958970355
cr_long,1.7006374239323852,1.6684125615628314,1.166713436321072,1.982706004291015,703.1339551408918,1.0104888471818416,1.0342973443436716
cr_short,0.0151031700704728,0.014806389392932311,0.0038207563276869074,0.02476975175505789,804.862616874157,1.0088277074903913,1.024309065856028
obs_sd,1.122903362676385,1.123874813905683,1.075064775399424,1.1796761945451661,1000.0000000000001,0.9986762163161029,1.0023141872684644
total_infections,644,643.497,613,672.025,999.9999999999993,0.9995556056865946,1.0075208191197191
