names,median,mean,lower95_CrI,upper95_CrI,ess,Rhat point estimate,Rhat upper CI
boost_long,1.51089608979057,1.5052667868485559,1.2642384339507342,1.728062062230791,912.1493740680546,1.0131140079731547,1.0380911095292786
boost_short,4.50461268478992,4.50097397525996,4.239680804710299,4.753717263826543,1004.9999999999994,0.9995140412754423,1.0041918947546902
antigenic_seniority,0.0420900858634762,0.04326323521041323,0.0021719935380550104,0.09615072069300261,1106.6609920428987,1.0046700055769777,1.0154825370532345
wane_short,0.509774475580825,0.5108980876439586,0.45041234315236467,0.5726784196830256,1005,1.0030371479890523,1.0071908534554337
cr_long,1.57239199887487,1.555268698976405,1.061056250590921,1.960914309035458,1186.176102709479,1.0038094920268559,1.0166604044668905
cr_short,0.0125496622816717,0.012243385600373798,0.0015249180024785832,0.022723279836244028,1005,0.9991539033955461,1.0029134370902972
obs_sd,1.11648992633726,1.1169343758799353,1.069191607284154,1.1666069835586839,1004.9999999999999,0.9984187645070993,1.0031325197178431
total_infections,646,647.4537313432836,618.1,682,1005.0000000000005,1.0056000139441827,1.0221638149057284
