names,median,mean,lower95_CrI,upper95_CrI,ess,Rhat point estimate,Rhat upper CI
boost_long,3.6828620063445,3.680508240452402,3.457196838660923,3.897638220348368,846.6140290737083,1.0034675217366225,1.0123933589010083
boost_short,2.42058181919281,2.4253381557961804,2.14588336319114,2.7417189854320116,1005,0.9995940624111725,1.0059071908158428
antigenic_seniority,0.20301344512982,0.20319917106464405,0.1594221840198657,0.24885243156079667,1004.9999999999998,0.9991276924920678,0.9999648856859347
wane_short,0.537068825389492,0.541942579379076,0.4846027072816095,0.6224696857119135,900.6797371338147,1.0035917193756856,1.0177677564173704
cr_long,0.113113351857629,0.1124672187780949,0.1030649262887003,0.11865328757944149,658.8718353548937,1.010474819599688,1.0183244109526617
cr_short,0.00501945189505682,0.006869888680263085,2.0153649407733662e-4,0.023343608857746,876.8038519767424,1.021773040741135,1.0526044535781913
obs_sd,1.07550031903216,1.0757681525903182,1.0313383836827859,1.123823059267306,1004.9999999999999,1.010624914102328,1.034169482605525
total_infections,594,592.9721393034825,525,659.9,519.9754895772852,1.0020046452488116,1.0088610263405204
