names,median,mean,lower95_CrI,upper95_CrI,ess,Rhat point estimate,Rhat upper CI
boost_long,3.68320459978843,3.6828041737138606,3.4517696483005462,3.913894425605017,793.2551639831597,1.0072540936443686,1.0267298026117027
boost_short,2.41939662198148,2.424024322180477,2.114363513148831,2.755893063315407,768.0337338625934,0.9999036870135406,1.0060639139914602
antigenic_seniority,0.203995111556368,0.2046210618677177,0.1590170920393874,0.25134261756775,861.3738804742719,0.9995337279712682,1.0056820596824159
wane_short,0.53603709638025,0.5405562410719106,0.4826449232315585,0.6265312902868556,1004.9999999999999,0.9994234606766033,1.0041435994749748
cr_long,0.113057197677722,0.11258875677721321,0.1034403406559443,0.11902885801749409,400.25997631207844,1.0071270345642311,1.0201873564397819
cr_short,0.00506417822210724,0.006800718033690256,2.3009089195917326e-4,0.02353895439066269,1005.0000000000002,1.0072100085507485,1.0156129532249254
obs_sd,1.07507026346425,1.0756883398881245,1.026784561489266,1.1256778305096629,816.2141529325061,1.0075242506710989,1.018867822037095
total_infections,593,591.1592039800995,518.2,657,335.67278537275394,1.0039065349482896,1.0133171587058976
