names,median,mean,lower95_CrI,upper95_CrI,ess,Rhat point estimate,Rhat upper CI
boost_long,3.74119143594783,3.7370414388270436,3.5036715369753644,3.954073282776161,574.5581963787668,1.0090469911313273,1.0304263510862925
boost_short,2.40107690359689,2.4087221759533666,2.134424419006626,2.7096715752991862,656.9351872178837,1.006767880118667,1.026941393471804
antigenic_seniority,0.2024284653529675,0.20296662002696322,0.16358366914782818,0.2409166429482708,999.9999999999999,1.0093353107566145,1.0330030796344534
wane_short,0.545491047756911,0.5498134234523798,0.4869455514032673,0.6454665801413778,999.9999999999998,0.9976499770190564,1.001514641045044
cr_long,0.11375532876368699,0.11354307481802389,0.10604037908620793,0.1199291488173224,322.09007753972355,1.1696630331197437,1.3722987632161159
cr_short,0.005337308377055325,0.007514671333821556,2.1064009622953465e-4,0.024303761212536606,309.50513147531535,1.1558405837442771,1.2321987158948144
obs_sd,1.0763917306474,1.0766693419434576,1.0301812996311135,1.123279523308688,1000.0000000000006,0.9972308605861965,0.9983859665904513
total_infections,608,609.859,547,679,355.9816022233742,1.0273058499307988,1.0779215794281751
