names,median,mean,lower95_CrI,upper95_CrI,ess,Rhat point estimate,Rhat upper CI
boost_long,3.697119241216705,3.365236542383492,1.7382081850645348,3.95076626173534,2.56641547926506,9.025104678277899,15.072233904355473
boost_short,2.459544128486045,2.7116891143186246,2.1447784911115804,4.042050607177937,3.0886493747071055,6.0799786828896725,10.106332060452822
antigenic_seniority,0.2071180151424195,0.2069688618064139,0.164751714712189,0.2487941263806664,236.16376203775266,1.0859115490719253,1.2263254427366355
wane_short,0.5346222097563804,0.4644595481789741,0.10678674029307757,0.6389163363503227,3.192190670696099,6.71195926046999,11.984893216444277
cr_long,0.114486096164537,0.14254063373766795,0.10722358201196353,0.27279522948494567,3.1200402069127935,13.586094014099373,45.62857893525393
cr_short,0.00505336360853809,0.007032109459190654,2.7066393689942315e-4,0.026531422324452266,611.5395582384613,1.0315295974126637,1.075117611276157
obs_sd,1.0837914181791901,1.0896094892709283,1.0374600668543714,1.1641182524238782,8.0635370000301,1.6143396290061878,2.2953739999120573
total_infections,595,591.467,510.97499999999997,679.05,11.6866372100776,1.8333343051473674,2.8221430907098672
