names,median,mean,lower95_CrI,upper95_CrI,ess,Rhat point estimate,Rhat upper CI
boost_short,1.8697835664656002,1.8720531196770354,1.7710550595605201,1.9946966939257955,999.9999999999998,0.9984993912836907,1.0030653482712595
antigenic_seniority,0.4953425761243025,0.4957723179967614,0.43828146372095433,0.561027082405419,999.9999999999999,1.0029177491672567,1.0159455418412857
wane_short,0.004456762996533805,0.006358560387594498,1.8903488303449438e-4,0.021929423403961007,898.1156126632632,1.0040584047668406,1.0136691907112942
cr_short,0.04346463508284855,0.043317188654224605,0.02878017917143292,0.057837871520688935,1000,1.0059996944936815,1.023192869174184
obs_sd,0.807397424032808,0.8072323827079356,0.7747845796871023,0.839728893850971,860.1637065654032,1.0001013624864077,1.0076181934913415
total_infections,542,542.917,513,576,1000.0000000000007,1.0012953256396224,1.0086109427218302
