names,median,mean,lower95_CrI,upper95_CrI,ess,Rhat point estimate,Rhat upper CI
boost_short,1.97849624471701,1.9635098270851667,1.76509785337352,2.12961982809567,11.223438522915483,1.7207387605524127,2.7915316382115787
antigenic_seniority,0.430261267229019,0.4355659189995035,0.3420276879534633,0.5399449774473575,15.947202914689154,1.817052492881878,2.7064574763705562
wane_short,0.0802708464402477,0.076601851928274,4.51970506529163e-4,0.17367436406857,4.7542428642607675,2.669307809935823,5.19445930387565
cr_short,0.0261145462111767,0.026459454538764398,0.00571923169990675,0.0525292691913118,10.7739811098523,2.272667624680536,3.860154350801678
obs_sd,0.810244662364043,0.8078556944987171,0.7735253151715673,0.8422811737860805,79.03765577283178,1.147840206181502,1.368061412049767
total_infections,570,568.7114427860696,521,616,17.293677622954455,1.6285309146927447,2.3839403459169133
