age,mean1,med,lower,upper,N
0,0.1691102414755491,0.16920731707317074,0.1326219512195122,0.21189024390243902,656
1,0.30346741900254826,0.30335365853658536,0.26676829268292684,0.3384146341463415,656
2,0.4290777655347424,0.42953020134228187,0.39429530201342283,0.46140939597315433,596
3,0.5132605810053602,0.5132382892057027,0.4786150712830957,0.5458248472505092,491
4,0.6105551191411365,0.6131578947368421,0.5765789473684211,0.6394736842105263,380
5,0.6864545198535623,0.6867924528301886,0.6569811320754717,0.7094339622641509,265
6,0.7214342082689998,0.7241379310344828,0.696551724137931,0.7448275862068966,145
7,0.7100380450687738,0.7058823529411765,0.7058823529411765,0.7352941176470589,34
