age,med,lower,upper,N
0,0.16920731707317074,0.1326219512195122,0.21189024390243902,656
1,0.1600609756097561,0.12957317073170732,0.1980182926829268,656
2,0.19463087248322147,0.15956375838926176,0.22651006711409397,596
3,0.21384928716904278,0.17311608961303462,0.25845213849287163,491
4,0.2631578947368421,0.2081578947368421,0.3078947368421053,380
5,0.2339622641509434,0.18867924528301888,0.2750943396226414,265
6,0.23448275862068965,0.19310344827586207,0.27586206896551724,145
7,0.35294117647058826,0.23529411764705882,0.4411764705882353,34
