age,med,lower,upper,N
0,0.16666666666666666,0.12280701754385964,0.22807017543859648,114
1,0.22815533980582525,0.17524271844660197,0.2762135922330096,206
2,0.25691699604743085,0.20948616600790515,0.30434782608695654,253
3,0.24609375,0.19140625,0.3046875,256
4,0.301255230125523,0.23430962343096234,0.36401673640167365,239
5,0.24083769633507854,0.18848167539267016,0.2979057591623035,191
6,0.21774193548387097,0.1693548387096774,0.2661290322580645,124
7,0.35294117647058826,0.23529411764705882,0.4411764705882353,34
