age,med,lower,upper,N
0,0.1676829268292683,0.12804878048780488,0.20735518292682922,656
1,0.16158536585365854,0.12804878048780488,0.19969512195121952,656
2,0.1912751677852349,0.1593959731543624,0.22986577181208054,596
3,0.21384928716904278,0.17713849287169045,0.25865580448065173,491
4,0.26052631578947366,0.21046052631578946,0.3105263157894737,380
5,0.2339622641509434,0.19245283018867926,0.27547169811320754,265
6,0.23448275862068965,0.19310344827586207,0.27586206896551724,145
7,0.35294117647058826,0.23529411764705882,0.4411764705882353,34
