names,median,mean,lower95_CrI,upper95_CrI,ess,Rhat point estimate,Rhat upper CI
boost_long,1.50515576052191,1.5022246456833344,1.2878931434441299,1.70295996601911,222.57126460151883,1.0258941405660005,1.0642000632335549
boost_short,2.01458165255242,2.0186414484257185,1.782414159308874,2.29111265515039,126.12119243088343,1.0184757440826038,1.0368824581231546
antigenic_seniority,0.0420212590455901,0.04831070612170809,0.002751084348354483,0.13408615002829458,139.9986593410506,1.0510543006154967,1.1267862852397958
wane_short,0.245025302149024,0.2459935501872718,0.218635694605119,0.2782887249570949,232.2447588871224,1.0160177161472206,1.0296522373203774
cr_long,0.391203789977753,0.39157998213595635,0.35071350816287034,0.43307121810007715,289.94922744018345,1.0083048766919975,1.0203208103538584
cr_short,0.0824312900333837,0.08295702059770561,0.0097755641952353,0.16116758091403,156.79688222296411,1.0152751921350962,1.0339344138583413
obs_sd,0.990978508481245,0.9911804673230212,0.946912284364034,1.036918421325037,998.8702488333148,1.0111458899811623,1.0300736185904071
total_infections,263,263.8235764235764,244,286,304.67780713921763,1.0172239997000423,1.0424846645564891
