names,median,mean,lower95_CrI,upper95_CrI,ess,Rhat point estimate,Rhat upper CI
boost_long,0.749361367353702,0.749562325031351,0.5887291399166193,0.910904937790656,1905.8159194712232,1.0011341993438811,1.00162196855496
boost_short,2.06342992373455,2.0644574149575927,1.970275882150903,2.1669049662790196,2192.400599998275,1.0003963820678496,1.002461239953648
antigenic_seniority,0.644450975801494,0.644747713247731,0.5796191073751016,0.7100171371928824,3441.659136889118,1.0001374734808457,1.0020513474370405
wane_short,0.0101841902497962,0.011207585035726893,0.001747288848260466,0.02631984696089401,2348.411444239147,1.000554217040153,1.0029350929244338
cr_long,0.729507311645052,0.7253845134381204,0.4796019359368911,0.9533061820960304,1393.340096142005,1.0023397276950219,1.0073531125223583
cr_short,0.00187653918961786,0.0025776618709171984,7.54282949378276e-5,0.009103779391308301,4414.480153796685,1.00003637330595,1.000860915968366
obs_sd,0.838534872720167,0.8387440820983963,0.8042014788024159,0.8746702390895305,3515.275422251892,1.0015449169037063,1.004816747060095
total_infections,504,504.44875124875125,476,535,2650.2007214846276,1.004615501641566,1.0136396808106878
