names,median,mean,lower95_CrI,upper95_CrI,ess,Rhat point estimate,Rhat upper CI
boost_long,3.1690582095175452,3.166167362299536,2.953741771249594,3.356481432974774,616.5359945175379,1.0183214602859774,1.049938965958743
boost_short,2.4784542509345204,2.4891171404306114,2.1986671794789032,2.8185459578620153,569.414272018608,1.0332308951104876,1.083204884437121
antigenic_seniority,0.222022025340985,0.2234548156892388,0.168879248550138,0.2873315889285938,822.907555912458,1.0053141083744266,1.0146560168706142
wane_short,0.4930437339800825,0.4862059850553414,0.34250995522655864,0.5998008283266832,578.3448410903966,1.022136253910935,1.064337951525392
cr_long,0.0674121965823345,0.06689099268344495,0.05512381082067652,0.07473367465069353,319.5935782276583,1.086399098141265,1.1475068412998148
cr_short,0.007715446596136175,0.011178995905028419,2.482346055042133e-4,0.041215814165505626,280.4786749615027,1.1192801564089632,1.2213217429988354
obs_sd,1.13413385708675,1.1346634805935032,1.0865842641778822,1.1851424807801565,1000.0000000000011,1.0004765981920734,1.0096125204381805
total_infections,517,517.394,493.975,542,797.4386830377086,1.0028866690342348,1.0160370456600412
