names,median,mean,lower95_CrI,upper95_CrI,ess,Rhat point estimate,Rhat upper CI
boost_long,3.06592203817187,3.069451423192977,2.862502609910638,3.277564938798391,744.2215223902625,1.0104815503089948,1.030563743426992
boost_short,2.55294220018643,2.5572210855468787,2.261193975764031,2.883477587639503,1004.9999999999997,1.005529321262225,1.021737481603719
antigenic_seniority,0.238643709237808,0.2397236351178923,0.18456815525068893,0.2973166219131291,822.6687436102319,1.00028959632311,1.0056598428135441
wane_short,0.484696569259543,0.4832542219566898,0.387731995402568,0.5799813091048478,819.9283866025836,1.0054730097535916,1.0208087860170807
cr_long,0.0689972467374752,0.06890919310908475,0.061047450237542315,0.07632997333177792,1004.9999999999999,1.0020117577403866,1.0124801017718328
cr_short,0.00402086783811811,0.00579147415172649,1.606092001978204e-4,0.020398744517856095,1005,1.0141894335696895,1.0216437380296197
obs_sd,1.13327940674093,1.1345446951351998,1.085778274220899,1.186221246445582,1005.0000000000001,0.9960966650537365,0.9970491619990779
total_infections,510,510.7771144278607,489,534,802.6154756503752,0.9996542075980801,1.0022069541176304
