names,median,mean,lower95_CrI,upper95_CrI,ess,Rhat point estimate,Rhat upper CI
boost_long,3.1696788468282353,3.170455697406814,2.9773416651703553,3.3670775153847625,881.4807024379909,1.002005158636441,1.0111784994684365
boost_short,2.479742017716105,2.492415934136134,2.1972101198857468,2.8275369520909295,999.9999999999998,1.0077408300535184,1.0236032499061822
antigenic_seniority,0.22363936537330598,0.22492028779324383,0.1705697473231995,0.282694333328983,864.0257178011906,1.009870092720666,1.0310574007989237
wane_short,0.49274902961469447,0.48505800137578226,0.3340731735617999,0.5948475815998332,581.5538253216582,1.0073532000750554,1.0274826385736833
cr_long,0.06741426008169596,0.06717815959483744,0.05820182520139687,0.0751466977214107,733.9068557740294,1.0075671774812736,1.025704271306134
cr_short,0.00736870842269426,0.010518439315261733,2.3799317933617567e-4,0.038044921733162033,832.9444395132149,1.02240808021402,1.0479513833099117
obs_sd,1.131345934706975,1.132636257743448,1.0870038437170044,1.1843954232720455,1000.0000000000006,1.000708064687997,1.0070083475869296
total_infections,517,517.163,493,541,816.8899663345982,1.0104410887417017,1.0356998928073382
