names,median,mean,lower95_CrI,upper95_CrI,ess,Rhat point estimate,Rhat upper CI
boost_long,3.07853730780833,3.0732061933033714,2.840014426541474,3.268309439153918,1005.0000000000003,0.9997842364187274,1.0046548040369476
boost_short,2.54810761967678,2.5618877535286573,2.282663182300741,2.888254075894126,1004.9999999999999,1.0010202988791548,1.0092758196833538
antigenic_seniority,0.242951173708936,0.24229766303031147,0.1813300001558749,0.30047536102770356,1004.9999999999995,1.004448415267501,1.0136116235899046
wane_short,0.485755295486487,0.48282076605062085,0.3790508891111462,0.579008078560744,415.28061668782715,1.0064367605999733,1.0235800050293717
cr_long,0.0687033769426916,0.06861878767358,0.06029833615463592,0.0757379623828634,1005.000000000001,1.0100990772350553,1.0267754410609937
cr_short,0.00424330229080245,0.006033867613392241,1.521714799515064e-4,0.021722960403824577,1005,1.009198720622836,1.0167742254741374
obs_sd,1.13634394879733,1.1369341837687474,1.088227695716938,1.188545998586398,1004.9999999999993,1.0008749016962382,1.005471966581381
total_infections,511,511.27363184079604,489,534,1004.9999999999972,0.9996001716983487,1.0044056313670018
