names,median,mean,lower95_CrI,upper95_CrI,ess,Rhat point estimate,Rhat upper CI,,Estimates,,Estimates
boost_long,3.936205184,3.927856144,3.644243432,4.183389545,105.2487176,1.268626763,1.613375145,,"3.94 (3.64, 4.18)",,"3.94 (3.64, 4.18)"
boost_short,2.911202416,2.925308137,2.511357254,3.418670886,48.78243546,1.592509263,2.285348783,,"2.91 (2.51, 3.42)",,"2.91 (2.51, 3.42)"
antigenic_seniority,0.409817829,0.393329005,0.305671204,0.464079023,5.689457304,3.155593637,5.070944959,,"0.41 (0.31, 0.46)",,"0.41 (0.31, 0.46)"
wane_short,0.47124291,0.465404138,0.372738693,0.538194205,488.6571339,1.025744543,1.066750231,,"0.47 (0.37, 0.54)",,"0.47 (0.37, 0.54)"
cr_long,0.053537894,0.053747439,0.04723318,0.061364706,34.41640179,1.373606848,1.830315003,,"0.05 (0.05, 0.06)",,"0.05 (0.05, 0.06)"
obs_sd,1.244938068,1.245421355,1.188080398,1.304894611,217.4342835,1.102596353,1.25641909,,"1.24 (1.19, 1.3)",,"1.24 (1.19, 1.3)"
total_infections,559,559.4665335,535,585,1402.280026,1.03390658,1.090814524,,"559 (535, 585)",,"559 (535, 585)"