names,median,mean,lower95_CrI,upper95_CrI,ess,Rhat point estimate,Rhat upper CI
boost_long,1.78790197205323,1.7950830215914928,1.468931352647755,2.1486234717422685,343.43464753102063,1.0130993064170106,1.0351158738587143
boost_short,4.06493978856183,4.058165346558065,3.617119394032188,4.506003164337921,236.56177972816647,1.0206071366944327,1.0610870489941455
antigenic_seniority,0.0576852543396434,0.05837765965356413,0.009740730673481158,0.11006994183035569,709.329476957614,1.0160484646143617,1.0480943348769898
wane_short,0.574943697920063,0.579185523875648,0.4847646345406204,0.714250007999635,279.0107977060691,1.0263873026737724,1.0765728925945535
cr_long,0.443007810718725,0.4530400345991473,0.2808539406297622,0.6782715965762371,269.9738899024377,1.0120479138845846,1.035868991761402
cr_short,0.0062516058045189,0.007787774063724373,2.624490047382283e-4,0.02515366765561798,558.4311544348316,1.0233455777116267,1.0555399050636598
obs_sd,1.12381791040166,1.1255572869025732,1.07911807644323,1.176335010835971,937.363123474829,1.0092090841837411,1.0314643420289276
total_infections,650,650.963184079602,617,688,1005.0000000000005,1.012163826447407,1.0368666201344767
